bdp_screenshot,business_details_page,business_email,business_name,business_phone,business_website,business_zipcode,cold_email_video_url,hidden_review_count,photo_count,raq,recent_local_requests,request_leader,request_leader_count,response_rate,response_time,review_count,reviews,reviews_author,star_count,yelp_advertiser
no_data,/biz/law-offices-of-david-c-beavans-apc-san-diego-2,no_data,"Law Offices of David C. Beavans, APC",6192347848,thesdlawyers.com,92111,no_data,114,7,active,41,no_data,no_data,100,120,36,no_data,no_data,5,yelp advertiser
no_data,/biz/mesnik-law-group-san-diego-2,no_data,Mesnik Law Group,6199664435,mesniklaw.com,92123,no_data,26,8,enabled,no_data,no_data,no_data,100,480,47,no_data,no_data,4.5,not a yelp advertiser
no_data,/biz/law-office-of-ilona-antonyan-apc-san-diego-3,no_data,"Law Office of Ilona Antonyan, APC",6196961100,expertdivorcelaw.com,92101,no_data,72,24,active,11,no_data,no_data,100,30,21,no_data,no_data,5,yelp advertiser
no_data,/biz/garwood-attorneys-san-diego,no_data,Garwood Attorneys,6196928100,garwoodfamilylaw.com,92108,no_data,18,12,active,69,no_data,no_data,95,540,18,no_data,no_data,4,yelp advertiser
no_data,/biz/embry-family-law-san-diego,no_data,Embry Family Law,6194856476,embryfamilylaw.com,92108,no_data,5,14,enabled,no_data,no_data,no_data,100,10,8,no_data,no_data,5,not a yelp advertiser
no_data,/biz/miranda-law-group-pc-san-diego-5,no_data,"Miranda Law Group, PC",6196961100,ExpertDivorceLaw.com,92101,no_data,50,11,active,27,no_data,no_data,100,20,45,no_data,no_data,5,yelp advertiser
no_data,/biz/flat-rate-divorce-chula-vista-4,no_data,Flat Rate Divorce,6194201600,neillmarangi.net,91911,no_data,70,0,active,16,no_data,no_data,100,30,25,no_data,no_data,4,yelp advertiser
no_data,/biz/goldberg-jones-divorce-for-men-san-diego-8,no_data,Goldberg Jones - Divorce For Men,6192430888,goldbergjones-sandiego.com,92108,no_data,43,20,enabled,no_data,no_data,no_data,100,2880,43,no_data,no_data,3.5,not a yelp advertiser
no_data,/biz/law-offices-of-craig-p-fagan-san-diego-4,no_data,Law Offices Of Craig P Fagan,6195289600,discriminationiswrong.com,92120,no_data,26,0,enabled,no_data,no_data,no_data,100,1440,5,no_data,no_data,5,not a yelp advertiser
no_data,/biz/law-offices-of-brian-a-victor-san-diego,no_data,Law Offices of Brian A Victor,8586333529,brianvictorlaw.com,92037,no_data,8,9,enabled,no_data,no_data,no_data,100,40,6,no_data,no_data,5,not a yelp advertiser
no_data,/biz/divorce-with-dignity-san-diego-alpine-2,no_data,Divorce with Dignity - San Diego,6199551340,sandiego.dwdignity.com,91901,no_data,3,0,enabled,no_data,no_data,no_data,100,5760,16,no_data,no_data,4.5,not a yelp advertiser
no_data,/biz/megahed-san-diego-2,no_data,Megahed,8587618661,megahedesq.com,92037,no_data,0,0,enabled,no_data,no_data,no_data,100,2880,2,no_data,no_data,5,not a yelp advertiser
no_data,/biz/rjs-law-san-diego-6,no_data,RJS Law,6195951655,irssolution.com,92101,no_data,206,23,enabled,no_data,no_data,no_data,100,30,75,no_data,no_data,5,not a yelp advertiser
no_data,/biz/getitdone-legal-center-escondido,no_data,GetitDone-Legal.Center,7602947533,Getitdone-Legal.center,92026,no_data,0,6,enabled,no_data,no_data,no_data,100,40,1,no_data,no_data,5,not a yelp advertiser
no_data,/biz/curtolo-law-carlsbad-2,no_data,Curtolo Law,7607959123,curtololaw.com,92011,no_data,2,0,enabled,no_data,no_data,no_data,100,120,10,no_data,no_data,4.5,not a yelp advertiser
no_data,/biz/conscious-divorce-san-diego,no_data,Conscious Divorce,6198001801,consciousdivorce.com,92101,no_data,4,6,enabled,no_data,no_data,no_data,100,1440,9,no_data,no_data,4.5,yelp advertiser
no_data,/biz/kazmi-and-sakata-attorneys-at-law-san-diego-2,no_data,Kazmi & Sakata Attorneys At Law,8588740711,ksvisalaw.com,92123,no_data,181,15,active,51,no_data,no_data,100,30,45,no_data,no_data,5,yelp advertiser
no_data,/biz/diefer-law-group-san-diego,no_data,Diefer Law Group,8005899901,dieferlaw.com,92130,no_data,4,0,active,12,no_data,no_data,100,30,2,no_data,no_data,5,not a yelp advertiser
no_data,/biz/get-it-done-legal-center-san-diego,no_data,Get it Done Legal Center,9517411833,getitdone-legal.center,92108,no_data,0,6,active,26,no_data,no_data,100,30,0,no_data,no_data,no_data,yelp advertiser
no_data,/biz/law-offices-of-mark-l-miller-san-diego-5,no_data,Law Offices of Mark L. Miller,6195740551,sandiegobk.com,92110,no_data,21,32,active,16,no_data,no_data,100,10,43,no_data,no_data,4.5,yelp advertiser
no_data,/biz/san-diego-family-mediation-center-solana-beach-2,no_data,San Diego Family Mediation Center,8587362411,sdfmc.com,92075,no_data,3,16,active,18,no_data,no_data,100,30,17,no_data,no_data,4.5,yelp advertiser
no_data,/biz/the-law-offices-of-george-john-ronis-chula-vista,no_data,The Law Offices of George John Ronis,6194279038,no_data,91910,no_data,5,0,enabled,no_data,no_data,no_data,100,10,2,no_data,no_data,5,not a yelp advertiser
no_data,/biz/denny-kershek-apc-poway,no_data,Denny Kershek APC,8587223199,dennykershekapc.com,92064,no_data,0,0,active,60,no_data,no_data,100,2880,1,no_data,no_data,5,yelp advertiser
no_data,/biz/the-law-office-of-marco-a-torres-san-diego,no_data,The Law Office Of Marco A. Torres,6192347797,mtorreslaw.com,92101,no_data,1,6,active,87,no_data,no_data,100,10,0,no_data,no_data,no_data,yelp advertiser
no_data,/biz/the-law-firm-of-steven-f-bliss-san-diego-2,no_data,The Law Firm Of Steven F Bliss,8582644989,steveblisslaw.com,92123,no_data,83,0,active,56,no_data,no_data,100,1440,109,no_data,no_data,5,yelp advertiser
no_data,/biz/legal-document-aid-san-diego,no_data,Legal Document Aid,6196658867,legaldocumenthelp.net,92109,no_data,20,0,active,13,no_data,no_data,100,1440,8,no_data,no_data,5,yelp advertiser
no_data,/biz/herrera-law-firm-san-diego,no_data,Herrera Law Firm,6195468126,herreralawfirmca.com,92108,no_data,19,0,enabled,no_data,no_data,no_data,100,40,10,no_data,no_data,5,not a yelp advertiser
no_data,/biz/qdro-helper-san-diego,no_data,QDRO Helper,6197867376,qdrohelper.com,92123,no_data,10,0,enabled,no_data,no_data,no_data,100,540,14,no_data,no_data,5,not a yelp advertiser
no_data,/biz/law-office-of-annette-hall-neville-encinitas-2,no_data,Law Office Of Annette Hall Neville,7604791900,hallnevillelaw.com,92024,no_data,1,0,active,11,no_data,no_data,100,180,6,no_data,no_data,5,not a yelp advertiser
no_data,/biz/sunnen-law-san-diego-3,no_data,Sunnen Law,6192559551,sunnen-law.com,92101,no_data,23,17,active,71,no_data,no_data,100,10,1,no_data,no_data,5,not a yelp advertiser
no_data,/biz/am-ez-san-diego-2,no_data,AM EZ,6197385300,easydivorcelaw.com,92101,no_data,1,0,enabled,no_data,no_data,no_data,100,10,2,no_data,no_data,5,yelp advertiser
no_data,/biz/the-law-and-mediation-office-of-julie-o-wolff-la-mesa-2,no_data,The Law & Mediation Office of Julie O. Wolff,6197776583,jwolfflaw.com,91942,no_data,1,20,active,10,no_data,no_data,100,180,5,no_data,no_data,5,not a yelp advertiser
no_data,/biz/moshtael-family-law-san-diego,no_data,Moshtael Family Law,6196399898,moshtaellaw.com,92110,no_data,1,22,enabled,no_data,no_data,no_data,100,20,1,no_data,no_data,5,not a yelp advertiser
no_data,/biz/a-healthy-divorce-chula-vista-2,no_data,A Healthy Divorce,6194258613,ahealthydivorce.com,91910,no_data,19,11,enabled,no_data,no_data,no_data,100,20,8,no_data,no_data,5,not a yelp advertiser
no_data,/biz/law-offices-of-marisa-l-freese-san-diego,no_data,Law Offices of Marisa L Freese,6195212000,marisalaw.com,92108,no_data,1,7,active,42,no_data,no_data,95,1440,3,no_data,no_data,5,yelp advertiser
no_data,/biz/men-s-legal-center-san-diego,no_data,Men’s Legal Center,6192343838,menslegal.com,92101,no_data,130,34,enabled,no_data,no_data,no_data,100,180,38,no_data,no_data,4,not a yelp advertiser
no_data,/biz/ryan-family-law-san-diego-2,no_data,Ryan Family Law,8586925153,ryanfamilylaw.com,92121,no_data,0,31,active,19,no_data,no_data,100,1440,3,no_data,no_data,5,yelp advertiser
no_data,/biz/antonyan-miranda-llp-san-diego-2,no_data,Antonyan Miranda LLP,6196961100,expertdivorcelaw.com,92101,no_data,174,13,enabled,no_data,no_data,no_data,100,4320,83,no_data,no_data,4.5,yelp advertiser
no_data,/biz/law-offices-of-tess-reutzel-san-diego-3,no_data,Law Offices of Tess Reutzel,6195501042,lawofficesoftessreutzel.com,92101,no_data,15,0,active,30,no_data,no_data,100,1440,6,no_data,no_data,5,not a yelp advertiser
no_data,/biz/the-ertz-law-group-san-diego-3,no_data,The Ertz Law Group,6198404566,sandiegolawyernearme.com,92108,no_data,4,5,active,60,no_data,no_data,100,20,7,no_data,no_data,5,yelp advertiser
no_data,/biz/law-office-of-michelle-paul-san-diego-2,no_data,Law Office of Michelle Paul,6196243333,sandiego-divorcelaw.com,92106,no_data,16,13,enabled,no_data,no_data,no_data,100,30,13,no_data,no_data,4.5,not a yelp advertiser
no_data,/biz/legal-assistants-of-san-diego-county-el-cajon,no_data,Legal Assistants of San Diego County,6199372713,legal-assistants-san-diego.com,92021,no_data,73,11,active,47,no_data,no_data,100,2880,37,no_data,no_data,4.5,yelp advertiser
no_data,/biz/hoppes-law-offices-san-diego,no_data,Hoppes Law Offices,6196449500,no_data,92108,no_data,11,0,active,97,no_data,no_data,100,1440,16,no_data,no_data,4.5,yelp advertiser
no_data,/biz/broaden-law-chula-vista-chula-vista,no_data,Broaden Law - Chula Vista,6195676845,BroadenLaw.com,91914,no_data,60,17,active,203,no_data,no_data,95,10,34,no_data,no_data,4.5,yelp advertiser
no_data,/biz/cage-and-miles-san-diego,no_data,Cage & Miles,8589432060,cageandmiles.com,92128,no_data,34,22,active,45,no_data,no_data,100,120,23,no_data,no_data,4.5,yelp advertiser
no_data,/biz/the-law-office-of-monica-l-rose-san-diego,no_data,The Law Office of Monica L. Rose,6193910123,mrosefamilylaw.com,92121,no_data,10,0,active,24,no_data,no_data,100,10,13,no_data,no_data,5,not a yelp advertiser
no_data,/biz/prager-jones-san-diego-4,no_data,Prager Jones,6192096039,pragerjones.com,92108,no_data,8,21,active,87,no_data,no_data,100,20,23,no_data,no_data,5,yelp advertiser
no_data,/biz/law-office-of-anton-l-georghiou-san-diego,no_data,Law Office of Anton L Georghiou,8585393766,justiceinsd.com,92101,no_data,28,10,active,68,no_data,no_data,100,20,44,no_data,no_data,5,yelp advertiser
no_data,/biz/mach-law-san-diego,no_data,Mach Law,6193983468,mach-law.com,92108,no_data,18,13,active,35,no_data,no_data,100,10,43,no_data,no_data,5,not a yelp advertiser
no_data,/biz/antonyan-miranda-llp-san-diego-2,no_data,Antonyan Miranda LLP,6196961100,expertdivorcelaw.com,92101,no_data,174,13,enabled,no_data,no_data,no_data,100,4320,83,no_data,no_data,4.5,yelp advertiser
no_data,/biz/miranda-law-group-pc-san-diego-5,no_data,"Miranda Law Group, PC",6196961100,ExpertDivorceLaw.com,92101,no_data,50,11,active,27,no_data,no_data,100,20,45,no_data,no_data,5,yelp advertiser
