bdp_screenshot,business_details_page,business_email,business_name,business_phone,business_website,business_zipcode,cold_email_video_url,hidden_review_count,photo_count,raq,recent_local_requests,request_leader,request_leader_count,response_rate,response_time,review_count,reviews,reviews_author,star_count,yelp_advertiser
no_data,/biz/affordable-arizona-divorce-phoenix-2,no_data,Affordable Arizona Divorce,6022833800,affordableazdivorce.com,85004,no_data,28,0,active,11,no_data,no_data,100,10,20,no_data,no_data,4.5,not a yelp advertiser
no_data,/biz/urgent-law-phoenix,no_data,Urgent Law,6027720340,urgentlaw.com,85022,no_data,4,12,active,37,no_data,no_data,100,10,2,no_data,no_data,5,yelp advertiser
no_data,/biz/guardian-law-group-phoenix,no_data,Guardian Law Group,6026381001,guardianlawaz.com,85016,no_data,4,13,active,47,no_data,no_data,100,10,1,no_data,no_data,5,yelp advertiser
no_data,/biz/andrew-e-moore-law-firm-gilbert-2,no_data,Andrew E Moore Law Firm,4806997454,aemoorelaw.com,85234,no_data,5,8,active,15,no_data,no_data,100,10,6,no_data,no_data,4.5,yelp advertiser
no_data,/biz/affordable-mediation-phoenix,no_data,Affordable Mediation,6026222008,affordablemediationaz.com,85020,no_data,5,14,enabled,no_data,no_data,no_data,100,540,1,no_data,no_data,5,not a yelp advertiser
no_data,/biz/law-office-of-frank-l-ross-goodyear-3,no_data,Law Office of Frank L. Ross,6239320100,frankrosslaw.com,85338,no_data,0,0,enabled,no_data,no_data,no_data,100,300,0,no_data,no_data,no_data,not a yelp advertiser
no_data,/biz/rowley-chapman-and-barney-mesa-5,no_data,Rowley Chapman & Barney,4808674683,azlegal.com,85201,no_data,10,7,enabled,no_data,no_data,no_data,100,480,13,no_data,no_data,4,not a yelp advertiser
no_data,/biz/arizona-legal-document-services-mesa,no_data,Arizona Legal Document Services,4803079306,arizonalegaldocs.com,85210,no_data,23,34,enabled,no_data,no_data,no_data,100,50,15,no_data,no_data,4.5,not a yelp advertiser
no_data,/biz/heins-law-glendale,no_data,Heins Law,6238002441,heinslaw.com,85302,no_data,0,0,active,11,no_data,no_data,100,40,0,no_data,no_data,no_data,yelp advertiser
no_data,/biz/the-rahaman-law-firm-scottsdale-3,no_data,The Rahaman Law Firm,4802149584,rahamanfirm.com,85260,no_data,1,0,active,22,no_data,no_data,100,300,3,no_data,no_data,3.5,yelp advertiser
no_data,/biz/the-peterson-law-firm-tempe,no_data,The Peterson Law Firm,4803588608,thepetersonlawfirm.com,85282,no_data,5,0,enabled,no_data,no_data,no_data,100,1440,5,no_data,no_data,5,yelp advertiser
no_data,/biz/barreda-law-gilbert,no_data,Barreda Law,4804388014,barredalaw.com,85296,no_data,5,5,active,10,no_data,no_data,100,10,5,no_data,no_data,5,yelp advertiser
no_data,/biz/fedora-legal-services-tempe-3,no_data,Fedora Legal Services,6026536161,fedoralegalservices.com,85282,no_data,3,29,no_data,no_data,no_data,no_data,100,300,9,no_data,no_data,5,not a yelp advertiser
no_data,/biz/ogborne-law-scottsdale-2,no_data,Ogborne Law,6023431435,ogbornelaw.com,85254,no_data,7,0,enabled,no_data,no_data,no_data,100,40,10,no_data,no_data,5,yelp advertiser
no_data,/biz/singer-pistiner-scottsdale,no_data,Singer Pistiner,6026382453,singerpistiner.com,85255,no_data,17,9,active,45,no_data,no_data,100,20,12,no_data,no_data,5,yelp advertiser
no_data,/biz/tiffany-fina-law-firm-scottsdale,no_data,Tiffany Fina Law Firm,4807447442,tiffanyfinalaw.com,85251,no_data,3,0,enabled,no_data,no_data,no_data,100,2880,2,no_data,no_data,5,not a yelp advertiser
no_data,/biz/degnan-law-phoenix,no_data,Degnan Law,4804472012,degnanlawaz.com,85016,no_data,30,10,active,43,no_data,no_data,100,10,28,no_data,no_data,4.5,yelp advertiser
no_data,/biz/modern-law-mesa,no_data,Modern Law,4806492905,mymodernlaw.com,85204,no_data,25,18,active,37,no_data,no_data,100,10,19,no_data,no_data,4.5,yelp advertiser
no_data,/biz/law-office-of-daniel-hutto-phoenix,no_data,Law Office Of Daniel Hutto,6025367878,azcriminalandfamilylaw.com,85016,no_data,13,9,active,64,no_data,no_data,100,40,8,no_data,no_data,5,yelp advertiser
