bdp_screenshot,business_details_page,business_email,business_name,business_phone,business_website,business_zipcode,cold_email_video_url,hidden_review_count,photo_count,raq,recent_local_requests,request_leader,request_leader_count,response_rate,response_time,review_count,reviews,reviews_author,star_count,yelp_advertiser
no_data,/biz/rabinovich-sokolov-law-group-philadelphia,no_data,Rabinovich Sokolov Law Group,2674234130,rslawgroup.com,19103,no_data,12,18,active,20,no_data,no_data,100,10,30,no_data,no_data,5,not a yelp advertiser
no_data,/biz/law-office-of-katrina-durham-dewitt-philadelphia,no_data,Law Office of Katrina Durham-DeWitt,2158544002,durhamdewittlaw.com,19102,no_data,2,0,enabled,no_data,no_data,no_data,100,4320,0,no_data,no_data,no_data,not a yelp advertiser
no_data,/biz/family-law-corp-philadelphia,no_data,Family Law Corp.,2157741149,thefamilylawcorp.com,19102,no_data,0,9,enabled,no_data,no_data,no_data,100,4320,0,no_data,no_data,no_data,not a yelp advertiser
no_data,/biz/raie-law-philadelphia-2,no_data,Raie Law,2672730447,raielaw.com,19134,no_data,0,0,enabled,no_data,no_data,no_data,100,2880,0,no_data,no_data,no_data,not a yelp advertiser
no_data,/biz/law-office-of-christina-m-dematteo-blue-bell,no_data,Law Office of Christina M DeMatteo,4843225616,dematteolawoffice.com,19422,no_data,2,0,enabled,no_data,no_data,no_data,100,300,2,no_data,no_data,5,not a yelp advertiser
no_data,/biz/sadek-and-cooper-law-offices-philadelphia-4,no_data,Sadek and Cooper Law Offices,2155450008,sadeklaw.com,19107,no_data,15,9,active,11,no_data,no_data,100,20,7,no_data,no_data,4,not a yelp advertiser
