bdp_screenshot,business_details_page,business_email,business_name,business_phone,business_website,business_zipcode,cold_email_video_url,hidden_review_count,photo_count,raq,recent_local_requests,request_leader,request_leader_count,response_rate,response_time,review_count,reviews,reviews_author,star_count,yelp_advertiser
no_data,/biz/law-offices-of-kimberly-duda-chicago-3,no_data,Law Offices of Kimberly Duda,3123460240,kdudalaw.com,60642,no_data,1,0,enabled,no_data,no_data,no_data,100,1440,4,no_data,no_data,5,not a yelp advertiser
no_data,/biz/law-office-of-michael-a-perez-chicago,no_data,Law Office of Michael A. Perez,7737728989,lomap.com,60622,no_data,2,0,enabled,no_data,no_data,no_data,100,40,3,no_data,no_data,5,not a yelp advertiser
no_data,/biz/law-office-of-russell-d-knight-chicago,no_data,Law Office of Russell D Knight,7733346311,rdklegal.com,60602,no_data,31,0,enabled,no_data,no_data,no_data,100,120,23,no_data,no_data,4.5,not a yelp advertiser
no_data,/biz/bennett-law-chicago-4,no_data,Bennett Law,3127865800,bennettdivorce.com,60606,no_data,0,11,active,24,no_data,no_data,100,120,1,no_data,no_data,5,yelp advertiser
no_data,/biz/gerald-p-nordgren-chicago,no_data,Gerald P Nordgren,3125589100,nordlaw.net,60602,no_data,2,10,active,63,no_data,no_data,100,120,5,no_data,no_data,4.5,yelp advertiser
no_data,/biz/a-cross-law-firm-chicago,no_data,A Cross Law Firm,7084028523,acrosslawpllc.com,60640,no_data,0,0,active,19,no_data,no_data,100,120,1,no_data,no_data,5,not a yelp advertiser
no_data,/biz/the-diggs-law-firm-chicago-2,no_data,The Diggs Law Firm,3123801070,thediggslawfirm.com,60602,no_data,0,0,enabled,no_data,no_data,no_data,100,120,0,no_data,no_data,no_data,yelp advertiser
no_data,/biz/bell-advocate-chicago,no_data,Bell Advocate,7732342052,belladvocate.com,60643,no_data,0,6,active,22,no_data,no_data,100,120,0,no_data,no_data,no_data,yelp advertiser
no_data,/biz/kelly-and-bracey-law-offices-chicago-2,no_data,Kelly & Bracey Law Offices,3124459500,kellybraceylaw.com,60602,no_data,0,8,enabled,no_data,no_data,no_data,100,4320,0,no_data,no_data,no_data,not a yelp advertiser
no_data,/biz/law-firm-of-joseph-j-walczak-palos-heights-3,no_data,Law Firm of Joseph J Walczak,7083613390,josephwalczak.com,60463,no_data,1,0,active,11,no_data,no_data,100,360,1,no_data,no_data,5,yelp advertiser
no_data,/biz/bennett-law-deerfield-3,no_data,Bennett Law,8477867800,bennettdivorce.com,60015,no_data,0,11,active,12,no_data,no_data,100,180,0,no_data,no_data,no_data,yelp advertiser
no_data,/biz/consumer-law-group-berwyn-berwyn-2,no_data,Consumer Law Group - Berwyn,3128785467,consumerlaw.com,60402,no_data,1,0,active,34,no_data,no_data,100,10,3,no_data,no_data,3.5,yelp advertiser
no_data,/biz/brian-j-thompson-cpa-and-attorney-chicago-2,no_data,"Brian J Thompson, CPA & Attorney",7733070181,brianthompsonlaw.com,60601,no_data,13,0,enabled,no_data,no_data,no_data,100,10,12,no_data,no_data,5,not a yelp advertiser
no_data,/biz/gardi-and-haught-schaumburg-2,no_data,Gardi & Haught,8479449400,gardilaw.com,60173,no_data,4,19,active,29,no_data,no_data,100,600,3,no_data,no_data,5,yelp advertiser
no_data,/biz/law-offices-of-howard-peritz-deerfield-2,no_data,Law Offices of Howard Peritz,8475625880,howardperitzlaw.com,60015,no_data,8,0,enabled,no_data,no_data,no_data,100,10,10,no_data,no_data,4,yelp advertiser
no_data,/biz/erlich-law-office-oakbrook-terrace,no_data,Erlich Law Office,6305385331,erlichlegal.com,60181,no_data,14,6,enabled,no_data,no_data,no_data,100,30,5,no_data,no_data,5,not a yelp advertiser
no_data,/biz/ward-family-law-chicago,no_data,Ward Family Law,3128035838,wardfamilylawchicago.com,60606,no_data,20,19,enabled,no_data,no_data,no_data,100,60,16,no_data,no_data,4.5,yelp advertiser
no_data,/biz/collaborative-practice-chicago-chicago,no_data,Collaborative Practice Chicago,7734422751,collaborativepracticechicago.com,60647,no_data,2,0,enabled,no_data,no_data,no_data,100,120,6,no_data,no_data,5,not a yelp advertiser
no_data,/biz/law-office-of-jennifer-guimond-quigley-chicago,no_data,Law Office of Jennifer Guimond-Quigley,3127541319,gqlawoffice.com,60602,no_data,11,7,active,22,no_data,no_data,100,120,5,no_data,no_data,5,yelp advertiser
no_data,/biz/the-wolkowitz-law-office-skokie,no_data,The Wolkowitz Law Office,3125545433,wolkowitz.com,60076,no_data,31,6,active,24,no_data,no_data,100,20,13,no_data,no_data,5,yelp advertiser
no_data,/biz/conniff-law-offices-oak-park,no_data,Conniff Law Offices,7087630999,connifflaw.com,60304,no_data,20,0,active,20,no_data,no_data,100,30,8,no_data,no_data,5,yelp advertiser
