bdp_screenshot,business_details_page,business_email,business_name,business_phone,business_website,business_zipcode,cold_email_video_url,hidden_review_count,photo_count,raq,recent_local_requests,request_leader,request_leader_count,response_rate,response_time,review_count,reviews,reviews_author,star_count,yelp_advertiser
no_data,/biz/the-mrc-firm-by-moani-r-crowell-and-associates-honolulu,no_data,The MRC Firm by Moani R Crowell & Associates,8087442111,themrcfirm.com,96813,no_data,9,6,active,76,no_data,no_data,95,720,7,no_data,no_data,4,yelp advertiser
no_data,/biz/dean-m-park-jd-estate-planning-group-honolulu,no_data,"Dean M Park, JD- Estate Planning Group",8084293063,epghawaii.com,96814,no_data,19,0,active,14,no_data,no_data,90,720,59,no_data,no_data,4.5,yelp advertiser
no_data,/biz/affinity-law-group-honolulu,no_data,Affinity Law Group,8085454600,affinitylaw.com,96813,no_data,38,6,active,24,no_data,no_data,100,300,10,no_data,no_data,5,not a yelp advertiser
no_data,/biz/law-office-of-shelby-n-ferrer-honolulu,no_data,Law Office Of Shelby N. Ferrer,8087800190,shelbyferrerlaw.com,96814,no_data,0,0,enabled,no_data,no_data,no_data,100,1440,2,no_data,no_data,5,not a yelp advertiser
no_data,/biz/kevin-s-adaniya-attorney-at-law-honolulu-2,no_data,"Kevin S Adaniya, Attorney at Law",8085282001,kevinadaniya.com,96813,no_data,0,0,enabled,no_data,no_data,no_data,100,420,6,no_data,no_data,5,not a yelp advertiser
no_data,/biz/law-office-of-emma-littman-baker-honolulu-2,no_data,Law Office of Emma Littman Baker,8082030820,emmalittman.com,96813,no_data,3,0,active,85,no_data,no_data,100,240,10,no_data,no_data,5,yelp advertiser
