bdp_screenshot,business_details_page,business_email,business_name,business_phone,business_website,business_zipcode,cold_email_video_url,hidden_review_count,photo_count,raq,recent_local_requests,request_leader,request_leader_count,response_rate,response_time,review_count,reviews,reviews_author,star_count,yelp_advertiser
no_data,/biz/divorce-centers-of-california-san-jose,no_data,Divorce Centers of California,4082956955,divorcecenters.com,95125,no_data,11,6,active,51,no_data,no_data,100,660,37,no_data,no_data,5,yelp advertiser
no_data,/biz/priority-one-legal-document-services-san-jose,no_data,Priority One Legal Document Services,4088859794,priorityonelegal.com,95128,no_data,43,5,active,33,no_data,no_data,100,20,73,no_data,no_data,5,not a yelp advertiser
no_data,/biz/hepner-and-pagan-llp-campbell-4,no_data,"Hepner & Pagan, LLP",4084298336,hepnerpagan.com,95008,no_data,5,12,active,43,no_data,no_data,100,20,6,no_data,no_data,5,yelp advertiser
no_data,/biz/law-offices-of-andrew-g-marcellino-san-jose,no_data,Law Offices of Andrew G. Marcellino,4082665291,marcellino-law.com,95110,no_data,22,8,active,192,no_data,no_data,100,120,11,no_data,no_data,4.5,yelp advertiser
no_data,/biz/law-office-of-daniel-jensen-p-c-santa-clara-4,no_data,"Law Office of Daniel Jensen, P.C.",6692206971,danieljensenlawoffice.com,95051,no_data,34,10,active,10,no_data,no_data,100,30,39,no_data,no_data,4,yelp advertiser
no_data,/biz/law-offices-of-del-ponte-and-hirz-san-jose,no_data,Law Offices of Del Ponte & Hirz,4082944525,delponteandhirz.com,95113,no_data,7,6,active,44,no_data,no_data,100,10,28,no_data,no_data,4.5,yelp advertiser
no_data,/biz/david-a-yomtov-san-jose,no_data,David A Yomtov,4089930808,davidyomtov.com,95110,no_data,1,0,active,98,no_data,no_data,100,120,4,no_data,no_data,5,yelp advertiser
no_data,/biz/louie-and-kitsuse-law-offices-san-jose,no_data,Louie & Kitsuse Law Offices,6697211236,lkfamilylaw.org,95126,no_data,17,10,active,50,no_data,no_data,100,600,44,no_data,no_data,4,yelp advertiser
no_data,/biz/law-office-of-thomas-bloom-los-gatos,no_data,Law Office of Thomas Bloom,4083584923,thomasbloom.com,95032,no_data,0,0,enabled,no_data,no_data,no_data,100,660,6,no_data,no_data,5,not a yelp advertiser
no_data,/biz/jeffrey-p-blum-jd-los-altos,no_data,"Jeffrey P Blum, JD",6509179972,jeffreypblum.com,94022,no_data,2,0,active,12,no_data,no_data,100,60,5,no_data,no_data,5,yelp advertiser
no_data,/biz/k-family-law-pc-san-jose,no_data,"K Family Law, PC",4085161486,kfamilylaw.com,95128,no_data,0,5,active,42,no_data,no_data,100,20,2,no_data,no_data,5,yelp advertiser
no_data,/biz/law-offices-of-ali-yousefi-san-mateo,no_data,Law Offices of Ali Yousefi,6504435270,yousefilaw.com,94404,no_data,88,18,active,277,no_data,no_data,100,10,45,no_data,no_data,4.5,yelp advertiser
no_data,/biz/families-first-mediation-san-jose,no_data,Families First Mediation,4083573486,ffmediation.com,95125,no_data,5,0,active,16,no_data,no_data,90,2880,22,no_data,no_data,5,not a yelp advertiser
no_data,/biz/the-law-office-of-matthew-j-rudy-san-jose-4,no_data,The Law Office of Matthew J Rudy,4088229325,rudyfamilylaw.com,95126,no_data,3,5,active,38,no_data,no_data,100,40,7,no_data,no_data,4.5,not a yelp advertiser
no_data,/biz/law-offices-of-angelo-j-lagorio-fremont,no_data,Law Offices of Angelo J Lagorio,9259632709,lagoriolaw.com,94538,no_data,22,0,active,32,no_data,no_data,100,1440,26,no_data,no_data,5,not a yelp advertiser
no_data,/biz/lonich-patton-ehrlich-policastri-san-jose,no_data,Lonich Patton Ehrlich Policastri,4085530801,lpeplaw.com,95126,no_data,21,18,enabled,no_data,no_data,no_data,100,7200,32,no_data,no_data,4.5,yelp advertiser
no_data,/biz/david-rubin-attorney-at-law-cupertino,no_data,David Rubin Attorney At Law,4082142044,rubind.net,95014,no_data,4,0,enabled,no_data,no_data,no_data,100,180,10,no_data,no_data,5,not a yelp advertiser
no_data,/biz/valley-legal-documents-san-jose-3,no_data,Valley Legal Documents,4088924613,valleylegaldocuments.com,95123,no_data,2,0,enabled,no_data,no_data,no_data,100,600,8,no_data,no_data,5,not a yelp advertiser
no_data,/biz/bressman-family-law-san-jose-6,no_data,Bressman Family Law,6697708091,bressmanfamilylaw.com,95125,no_data,1,9,active,75,no_data,no_data,100,10,2,no_data,no_data,5,yelp advertiser
no_data,/biz/law-office-of-kathleen-k-dong-san-jose,no_data,Law Office of Kathleen K Dong,6697210603,dongfamilylaw.com,95125,no_data,12,6,active,95,no_data,no_data,100,10,9,no_data,no_data,4.5,yelp advertiser
no_data,/biz/the-law-firm-of-lisa-chan-cupertino-5,no_data,The Law Firm of Lisa Chan,4082308266,lisalawfirm.com,95014,no_data,4,0,active,13,no_data,no_data,100,240,9,no_data,no_data,4.5,not a yelp advertiser
no_data,/biz/moreno-family-law-firm-san-jose-2,no_data,Moreno Family Law Firm,4082669011,sjdivorce.com,95128,no_data,11,0,active,40,no_data,no_data,100,300,40,no_data,no_data,4,yelp advertiser
no_data,/biz/michael-c-pascoe-attorney-at-law-mountain-view-ca,no_data,"Michael C Pascoe, Attorney at Law",6506955996,svlo.com,94043,no_data,5,8,active,41,no_data,no_data,100,600,16,no_data,no_data,5,not a yelp advertiser
no_data,/biz/law-offices-of-steven-a-dinneen-san-jose-2,no_data,Law Offices of Steven A. Dinneen,4084714673,dinneenlaw.com,95112,no_data,34,15,active,25,no_data,no_data,100,1440,31,no_data,no_data,4.5,yelp advertiser
no_data,/biz/huey-and-gamble-family-law-and-mediation-san-jose,no_data,Huey & Gamble Family Law and Mediation,4082940700,hueyandgamble.com,95125,no_data,20,9,active,98,no_data,no_data,100,50,48,no_data,no_data,4.5,yelp advertiser
no_data,/biz/allan-and-martelle-llp-san-jose,no_data,"Allan & Martelle, LLP",4082675300,allanmartelle.com,95125,no_data,86,8,active,67,no_data,no_data,100,20,36,no_data,no_data,4,yelp advertiser
no_data,/biz/argyris-mah-llp-san-jose,no_data,"Argyris Mah, LLP",4085645674,argyrismah.com,95125,no_data,8,0,active,50,no_data,no_data,100,30,10,no_data,no_data,5,yelp advertiser
no_data,/biz/law-office-of-ekaterina-berman-san-jose,no_data,Law Office of Ekaterina Berman,4084833012,ebermanlaw.com,95113,no_data,28,0,active,31,no_data,no_data,100,360,14,no_data,no_data,5,not a yelp advertiser
