bdp_screenshot,business_details_page,business_email,business_name,business_phone,business_website,business_zipcode,cold_email_video_url,hidden_review_count,photo_count,raq,recent_local_requests,request_leader,request_leader_count,response_rate,response_time,review_count,reviews,reviews_author,star_count,yelp_advertiser
no_data,/biz/the-nieves-law-firm-oakland,no_data,The Nieves Law Firm,5108797549,thenieveslawfirm.com,94607,no_data,41,9,enabled,no_data,no_data,no_data,100,720,13,no_data,no_data,4.5,not a yelp advertiser
no_data,/biz/frudden-and-padilla-family-law-oakland,no_data,Frudden & Padilla Family Law,5104790055,fruddenpadilla.com,94612,no_data,3,6,enabled,no_data,no_data,no_data,100,120,23,no_data,no_data,4.5,not a yelp advertiser
no_data,/biz/carrie-gustafson-oakland-2,no_data,Carrie Gustafson,5105021797,no_data,94612,no_data,11,0,active,13,no_data,no_data,100,1440,13,no_data,no_data,5,not a yelp advertiser
no_data,/biz/susanna-tuan-people-law-practice-oakland-3,no_data,People Law Practice,4158540298,peoplelawpractice.com,94611,no_data,3,7,active,85,no_data,no_data,100,10,15,no_data,no_data,4.5,yelp advertiser
no_data,/biz/summerall-law-oakland,no_data,Summerall Law,6282376005,summeralllaw.com,94611,no_data,23,17,active,71,no_data,no_data,100,20,84,no_data,no_data,5,yelp advertiser
no_data,/biz/hello-divorce-emeryville-2,no_data,Hello Divorce,5106461400,hellodivorce.com,94608,no_data,1,12,active,45,no_data,no_data,100,240,2,no_data,no_data,5,yelp advertiser
no_data,/biz/sabharwal-law-offices-berkeley,no_data,Sabharwal Law Offices,5106658777,sablawoffice.com,94710,no_data,5,5,active,29,no_data,no_data,85,1440,6,no_data,no_data,5,yelp advertiser
no_data,/biz/affordable-document-preparation-services-hayward,no_data,Affordable Document Preparation Services,5107826811,adps-docs.com,94545,no_data,14,5,active,30,no_data,no_data,100,1440,17,no_data,no_data,5,yelp advertiser
no_data,/biz/chong-law-san-francisco,no_data,Chong Law,4154387807,chonglawsf.com,94108,no_data,1,0,active,88,no_data,no_data,85,1440,20,no_data,no_data,5,yelp advertiser
no_data,/biz/law-offices-of-radcliffe-and-radcliffe-pleasant-hill,no_data,Law Offices of Radcliffe & Radcliffe,9253762325,no_data,94523,no_data,7,0,active,22,no_data,no_data,100,40,23,no_data,no_data,4.5,yelp advertiser
no_data,/biz/littlefield-family-law-offices-hayward,no_data,Littlefield Family Law Offices,5102470199,littlefieldfamilylaw.com,94541,no_data,2,5,enabled,no_data,no_data,no_data,100,120,3,no_data,no_data,5,yelp advertiser
no_data,/biz/law-office-of-robert-chang-san-leandro,no_data,Law Office of Robert Chang,5103884866,clawgrp.com,94578,no_data,1,6,enabled,no_data,no_data,no_data,100,20,7,no_data,no_data,5,not a yelp advertiser
no_data,/biz/romanovska-law-san-fransisco-2,no_data,Romanovska Law,4153470584,romanovskalaw.com,94123,no_data,45,18,active,59,no_data,no_data,100,10,15,no_data,no_data,5,yelp advertiser
no_data,/biz/gargalicana-graceffa-llp-oakland,no_data,Gargalicana/Graceffa LLP,5102512000,ggllp.net,94607,no_data,3,5,active,12,no_data,no_data,100,120,14,no_data,no_data,4.5,not a yelp advertiser
no_data,/biz/divorce-with-dignity-san-francisco-san-francisco,no_data,Divorce with Dignity-San Francisco,4159633535,sanfrancisco.dwdignity.com,94111,no_data,8,5,enabled,no_data,no_data,no_data,100,30,19,no_data,no_data,4.5,not a yelp advertiser
no_data,/biz/amin-law-san-francisco,no_data,Amin Law,4158549560,anlegalfirm.com,94111,no_data,63,32,active,32,no_data,no_data,100,10,52,no_data,no_data,5,yelp advertiser
no_data,/biz/law-office-of-rosanne-calbo-jackson-oakland,no_data,Law Office of Rosanne Calbo-Jackson,5104514408,rcjesq.com,94607,no_data,3,5,enabled,no_data,no_data,no_data,100,1440,9,no_data,no_data,4.5,not a yelp advertiser
no_data,/biz/list-jacobson-kwok-thorndal-llp-oakland,no_data,"List Jacobson-Kwok Thorndal, LLP",5103026600,ljtlawgroup.com,94607,no_data,5,6,active,23,no_data,no_data,100,240,21,no_data,no_data,5,yelp advertiser
no_data,/biz/levine-family-law-group-emeryville,no_data,Levine Family Law Group,5105954112,levinefamilylawgroup.com,94608,no_data,51,15,active,99,no_data,no_data,100,120,41,no_data,no_data,4.5,yelp advertiser
no_data,/biz/law-offices-of-robert-a-goodman-oakland-2,no_data,Law Offices of Robert A Goodman,5109877800,bobgoodman.com,94612,no_data,33,15,active,133,no_data,no_data,100,30,17,no_data,no_data,4.5,yelp advertiser
no_data,/biz/dubroff-family-law-oakland,no_data,Dubroff Family Law,5104525050,dubrofflaw.com,94612,no_data,3,7,active,99,no_data,no_data,100,60,31,no_data,no_data,4.5,yelp advertiser
