bdp_screenshot,business_details_page,business_email,business_name,business_phone,business_website,business_zipcode,cold_email_video_url,hidden_review_count,photo_count,raq,recent_local_requests,request_leader,request_leader_count,response_rate,response_time,review_count,reviews,reviews_author,star_count,yelp_advertiser
no_data,/biz/mark-cohan-attorney-and-counselor-dallas,no_data,Mark Cohan Attorney & Counselor,2143699871,markcohanlaw.com,75209,no_data,12,5,active,12,no_data,no_data,50,1440,40,no_data,no_data,5,yelp advertiser
no_data,/biz/lebeck-law-plano-2,no_data,Lebeck@Law,4697897990,thetexaslaw.com,75074,no_data,0,15,active,22,no_data,no_data,100,1440,2,no_data,no_data,5,yelp advertiser
no_data,/biz/pinckert-family-law-frisco-3,no_data,Pinckert Family Law,9724182949,no_data,75034,no_data,0,14,enabled,no_data,no_data,no_data,100,60,1,no_data,no_data,5,not a yelp advertiser
no_data,/biz/hanshaw-kennedy-hafen-family-law-frisco-2,no_data,Hanshaw Kennedy Hafen - Family Law,9727316500,familylawhkh.com,75034,no_data,0,0,active,14,no_data,no_data,100,30,0,no_data,no_data,no_data,yelp advertiser
no_data,/biz/guest-and-gray-law-firm-plano,no_data,Guest and Gray Law Firm,9725644644,dallasdivorcelawyerblog.com,75024,no_data,0,6,active,14,no_data,no_data,100,120,1,no_data,no_data,5,not a yelp advertiser
no_data,/biz/harris-cook-arlington-3,no_data,Harris Cook,8172758765,harriscooklaw.com,76013,no_data,0,0,enabled,no_data,no_data,no_data,100,1440,2,no_data,no_data,5,not a yelp advertiser
no_data,/biz/darrett-and-associates-dallas,no_data,Darrett & Associates,9722998696,darrettassociates.com,75202,no_data,2,0,active,29,no_data,no_data,100,10,3,no_data,no_data,2.5,not a yelp advertiser
no_data,/biz/beal-law-firm-southlake-2,no_data,Beal Law Firm,8172614333,dfwdivorce.com,76092,no_data,2,18,active,14,no_data,no_data,100,240,1,no_data,no_data,5,yelp advertiser
no_data,/biz/law-office-of-dana-l-white-southlake-2,no_data,Law Office of Dana L. White,8179622763,danawhitefamilylaw.com,76092,no_data,2,29,active,16,no_data,no_data,100,660,8,no_data,no_data,4.5,not a yelp advertiser
no_data,/biz/the-law-office-of-ellen-schutz-dallas,no_data,The Law Office of Ellen Schutz,2143013418,schutzlawfirm.com,75231,no_data,2,0,enabled,no_data,no_data,no_data,100,30,3,no_data,no_data,5,not a yelp advertiser
no_data,/biz/law-office-of-natalie-gregg-allen-3,no_data,Law Office of Natalie Gregg,9728293923,nataliegregg.com,75013,no_data,14,8,active,18,no_data,no_data,100,1440,8,no_data,no_data,5,yelp advertiser
