bdp_screenshot,business_details_page,business_email,business_name,business_phone,business_website,business_zipcode,cold_email_video_url,hidden_review_count,photo_count,raq,recent_local_requests,request_leader,request_leader_count,response_rate,response_time,review_count,reviews,reviews_author,star_count,yelp_advertiser
no_data,/biz/the-law-office-of-stephen-chen-los-angeles,no_data,The Law Office of Stephen Chen,2139738381,schenfamilylaw.com,90010,no_data,38,13,active,117,no_data,no_data,100,20,55,no_data,no_data,5,yelp advertiser
no_data,/biz/lavinsky-law-los-angeles,no_data,Lavinsky Law,3109296411,lavinskylaw.com,90025,no_data,6,25,active,15,no_data,no_data,100,1440,15,no_data,no_data,4.5,yelp advertiser
no_data,/biz/sharma-kliche-torrance-2,no_data,Sharma Kliche,7146423838,sharmakliche.com,90248,no_data,39,14,active,11,no_data,no_data,100,300,19,no_data,no_data,5,not a yelp advertiser
no_data,/biz/law-offices-of-gerard-a-fierro-los-angeles,no_data,Law Offices of Gerard A Fierro,8189520400,fierrofamilylaw.com,90071,no_data,3,0,active,49,no_data,no_data,95,300,4,no_data,no_data,5,yelp advertiser
no_data,/biz/the-document-specialists-glendale-3,no_data,The Document Specialists,8182910019,thedocumentspecialists.com,91204,no_data,36,13,no_data,28,no_data,no_data,100,30,25,no_data,no_data,5,not a yelp advertiser
no_data,/biz/divorce-center-of-los-angeles-los-angeles,no_data,Divorce Center Of Los Angeles,3103120161,divorcesos.com,90025,no_data,3,10,no_data,no_data,no_data,no_data,100,120,4,no_data,no_data,5,not a yelp advertiser
no_data,/biz/law-and-mediation-offices-of-elizabeth-yang-monterey-park,no_data,Law & Mediation Offices of Elizabeth Yang,8774926452,yanglawoffices.com,91754,no_data,17,18,active,128,no_data,no_data,100,20,20,no_data,no_data,5,yelp advertiser
no_data,/biz/fernandez-and-karney-santa-monica-2,no_data,Fernandez & Karney,3103930236,cfli.com,90401,no_data,40,26,enabled,no_data,no_data,no_data,100,720,39,no_data,no_data,4.5,yelp advertiser
no_data,/biz/law-offices-of-rocky-elkaddoum-pasadena,no_data,Law Offices of Rocky Elkaddoum,6268084555,relawinc.com,91101,no_data,4,14,active,218,no_data,no_data,100,10,21,no_data,no_data,5,yelp advertiser
no_data,/biz/law-and-justice-legal-services-gardena,no_data,Law and Justice Legal Services,8004251858,workwiseco.com,90249,no_data,1,0,enabled,no_data,no_data,no_data,100,300,3,no_data,no_data,5,not a yelp advertiser
no_data,/biz/banerjee-family-law-pasadena,no_data,Banerjee Family Law,6262400904,banerjeefamilylaw.com,91101,no_data,20,7,enabled,no_data,no_data,no_data,100,10,14,no_data,no_data,5,not a yelp advertiser
no_data,/biz/law-offices-of-rocky-elkaddoum-beverly-hills,no_data,Law Offices of Rocky Elkaddoum,3109061656,familylaw90210.com,90210,no_data,12,11,active,96,no_data,no_data,100,10,4,no_data,no_data,5,yelp advertiser
no_data,/biz/law-office-of-donna-d-pettway-los-angeles-2,no_data,Law Office of Donna D Pettway,3109906998,advocate4thepeople.com,90015,no_data,12,14,active,425,no_data,no_data,95,120,13,no_data,no_data,3.5,yelp advertiser
no_data,/biz/chazan-family-law-glendale,no_data,Chazan Family Law,8184760127,acfamilylaw.com,91203,no_data,0,0,enabled,no_data,no_data,no_data,100,300,5,no_data,no_data,5,not a yelp advertiser
no_data,/biz/law-offices-of-christopher-l-hoglin-pc-san-marino,no_data,"Law Offices of Christopher L Hoglin, PC",6266534075,hoglinlaw.com,91108,no_data,4,16,active,37,no_data,no_data,100,60,8,no_data,no_data,5,yelp advertiser
no_data,/biz/baghdaserians-law-group-pasadena,no_data,Baghdaserians Law Group,6264609525,baglawgroup.com,91101,no_data,9,28,active,38,no_data,no_data,100,120,11,no_data,no_data,4.5,yelp advertiser
no_data,/biz/guzman-paralegal-services-reseda,no_data,Guzman Paralegal Services,8187769717,guzmanparalegal.com,91335,no_data,27,0,active,14,no_data,no_data,100,240,9,no_data,no_data,4.5,not a yelp advertiser
no_data,/biz/law-office-of-scott-d-olsen-canoga-park-2,no_data,Law Office of Scott D Olsen,8188880478,no_data,91303,no_data,9,0,active,75,no_data,no_data,100,1440,11,no_data,no_data,5,yelp advertiser
no_data,/biz/kraft-miles-woodland-hills-3,no_data,Kraft Miles,8184625076,kraftlawoffices.com,91367,no_data,22,16,active,63,no_data,no_data,100,50,24,no_data,no_data,4.5,yelp advertiser
no_data,/biz/platinum-paralegals-woodland-hills-2,no_data,Platinum Paralegals,8185561515,platinumparalegals.com,91364,no_data,8,11,active,31,no_data,no_data,100,10,21,no_data,no_data,5,yelp advertiser
no_data,/biz/lakewood-law-firm-long-beach-3,no_data,Lakewood Law Firm,5622695511,lakewoodlaw.com,90808,no_data,6,0,active,91,no_data,no_data,100,360,15,no_data,no_data,5,yelp advertiser
no_data,/biz/ghanooni-law-firm-los-angeles,no_data,Ghanooni Law Firm,2134443328,ghanoonilaw.com,90067,no_data,94,18,active,92,no_data,no_data,100,30,65,no_data,no_data,5,yelp advertiser
no_data,/biz/vachhani-and-associates-artesia,no_data,Vachhani & Associates,5624021677,sjvlaw.com,90701,no_data,22,0,active,17,no_data,no_data,100,20,42,no_data,no_data,4.5,not a yelp advertiser
no_data,/biz/bruce-a-mandel-torrance,no_data,Bruce A. Mandel,4242557299,brucemandelattorney.com,90505,no_data,15,10,active,115,no_data,no_data,95,40,18,no_data,no_data,4.5,yelp advertiser
no_data,/biz/national-legal-assistants-los-angeles,no_data,National Legal Assistants,3322074988,nationallegalassistants.com,90017,no_data,1,6,enabled,no_data,no_data,no_data,100,30,1,no_data,no_data,1,not a yelp advertiser
no_data,/biz/rm-law-group-whittier,no_data,RM Law Group,5626932032,rmlawgroupllp.com,90605,no_data,1,0,active,97,no_data,no_data,95,10,1,no_data,no_data,5,yelp advertiser
no_data,/biz/law-offices-of-adam-v-nguyen-westminster-6,no_data,Law Offices of Adam V Nguyen,7148766786,avnguyenlaw.com,92683,no_data,8,14,active,40,no_data,no_data,100,20,23,no_data,no_data,5,yelp advertiser
no_data,/biz/bare-law-long-beach,no_data,Bare Law,3109843670,barelaw.com,90802,no_data,9,17,active,42,no_data,no_data,100,20,12,no_data,no_data,4.5,yelp advertiser
no_data,/biz/riley-khorram-signal-hill-4,no_data,Riley Khorram,5624510032,rileykhorram.com,90755,no_data,15,0,enabled,no_data,no_data,no_data,100,120,13,no_data,no_data,4.5,not a yelp advertiser
no_data,/biz/sperling-law-firm-sherman-oaks-2,no_data,Sperling Law Firm,7472080028,sperlinglawfirm.com,91423,no_data,8,10,active,64,no_data,no_data,100,120,19,no_data,no_data,3.5,yelp advertiser
no_data,/biz/law-office-of-wais-azami-garden-grove,no_data,Law Office of Wais Azami,7143219999,AzamiLaw.com,92845,no_data,4,8,enabled,no_data,no_data,no_data,100,20,8,no_data,no_data,5,not a yelp advertiser
no_data,/biz/help-u-legal-anaheim,no_data,HELP-U-LEGAL,7146803222,preparelegaldocument.com,92801,no_data,6,7,no_data,37,no_data,no_data,100,20,20,no_data,no_data,5,not a yelp advertiser
no_data,/biz/tsang-and-associates-artesia,no_data,Tsang & Associates,5624554161,tsangslaw.com,90701,no_data,57,186,active,49,no_data,no_data,100,30,51,no_data,no_data,5,yelp advertiser
no_data,/biz/abogado-y-notario-salvadoreno-los-angeles-16,no_data,Abogado Y Notario Salvadoreno,2134834515,asociadosprofesionales.com,90057,no_data,2,54,no_data,no_data,no_data,no_data,80,360,1,no_data,no_data,5,not a yelp advertiser
no_data,/biz/hochberg-bradley-law-los-angeles,no_data,Hochberg Bradley Law,3237228007,bradleyhochberglaw.com,90022,no_data,5,0,enabled,no_data,no_data,no_data,100,20,8,no_data,no_data,4,not a yelp advertiser
no_data,/biz/law-offices-of-sabrina-li-alhambra,no_data,Law Offices of Sabrina Li,2133758096,xlilaw.com,91801,no_data,11,8,active,25,no_data,no_data,100,5760,1,no_data,no_data,5,yelp advertiser
no_data,/biz/vazquez-paralegal-document-solutions-downey,no_data,Vazquez Paralegal Document Solutions,6617727342,vazquezldasolutions.business.site,90241,no_data,3,6,active,12,no_data,no_data,100,10,3,no_data,no_data,5,not a yelp advertiser
no_data,/biz/family-law-form-prep-cerritos-2,no_data,Family Law Form Prep,7143906969,familylawformprep.com,90703,no_data,7,0,active,15,no_data,no_data,100,10,9,no_data,no_data,4.5,not a yelp advertiser
no_data,/biz/my-legal-team-long-beach-9,no_data,My Legal Team,5623090947,mylegalteamla.com,90802,no_data,1,11,active,44,no_data,no_data,90,180,10,no_data,no_data,5,yelp advertiser
no_data,/biz/elite-legal-carson,no_data,Elite Legal,8006935209,EliteLegalAssistance.com,90746,no_data,17,6,active,108,no_data,no_data,100,10,21,no_data,no_data,4,yelp advertiser
no_data,/biz/lerma-law-offices-norwalk,no_data,Lerma Law Offices,5622724353,lermalawoffices.com,90650,no_data,10,0,active,11,no_data,no_data,100,10,5,no_data,no_data,5,not a yelp advertiser
no_data,/biz/law-offices-of-adam-v-nguyen-alhambra,no_data,Law Offices of Adam V Nguyen,6269886968,avnguyenlaw.com,91801,no_data,2,13,active,58,no_data,no_data,100,10,9,no_data,no_data,5,yelp advertiser
no_data,/biz/law-offices-of-ani-a-avetisyan-glendale-2,no_data,Law Offices of Ani A. Avetisyan,8187311295,no_data,91204,no_data,3,0,enabled,no_data,no_data,no_data,100,660,5,no_data,no_data,4,not a yelp advertiser
no_data,/biz/farzad-and-ochoa-family-law-attorneys-los-angeles,no_data,Farzad & Ochoa Family Law Attorneys,2132011199,farzadlaw.com,90071,no_data,1,8,enabled,no_data,no_data,no_data,100,30,3,no_data,no_data,4,yelp advertiser
no_data,/biz/i-and-e-solutions-document-preparation-service-long-beach,no_data,I & E Solutions - Document Preparation Service,5622597320,ieslegaldps.com,90803,no_data,35,0,no_data,19,no_data,no_data,100,20,16,no_data,no_data,5,yelp advertiser
no_data,/biz/shahjahanian-divorce-and-family-law-office-glendale,no_data,Shahjahanian Divorce & Family Law Office,8184001856,no_data,91203,no_data,3,0,active,54,no_data,no_data,80,180,2,no_data,no_data,5,yelp advertiser
no_data,/biz/law-office-of-ilene-aguilar-ruiz-arcadia-2,no_data,​​​​Law Office of Ilene Aguilar Ruiz,6263405649,no_data,91006,no_data,0,11,active,11,no_data,no_data,100,1440,4,no_data,no_data,5,not a yelp advertiser
no_data,/biz/law-offices-of-steven-ibarra-whittier,no_data,Law Offices of Steven Ibarra,5624529937,ibarralaw.com,90602,no_data,7,25,active,25,no_data,no_data,100,180,29,no_data,no_data,4.5,yelp advertiser
no_data,/biz/b-stuart-walker-law-offices-long-beach-2,no_data,B Stuart Walker Law Offices,5625987486,thebeachlaw.com,90802,no_data,7,5,enabled,no_data,no_data,no_data,70,300,7,no_data,no_data,5,not a yelp advertiser
no_data,/biz/law-offices-of-joseph-l-pittera-torrance,no_data,Law Offices Of Joseph L Pittera,3103283588,jpitteralegal.com,90501,no_data,24,10,active,224,no_data,no_data,100,30,26,no_data,no_data,4.5,yelp advertiser
no_data,/biz/law-offices-of-indu-srivastav-fullerton,no_data,Law Offices of Indu Srivastav,7144479695,familylawservices.com,92835,no_data,1,27,active,59,no_data,no_data,100,20,9,no_data,no_data,4.5,yelp advertiser
no_data,/biz/resolutions-whittier,no_data,Resolutions,5626963000,resolutionslegal.com,90602,no_data,37,9,active,41,no_data,no_data,100,10,49,no_data,no_data,5,yelp advertiser
no_data,/biz/resolutions-pasadena-3,no_data,Resolutions,6262299000,resolutionslegal.com,91107,no_data,5,0,active,34,no_data,no_data,100,10,11,no_data,no_data,5,yelp advertiser
no_data,/biz/parmar-law-reseda,no_data,Parmar Law,8186001997,parmarlaw.com,91335,no_data,5,15,active,13,no_data,no_data,100,10,33,no_data,no_data,5,not a yelp advertiser
no_data,/biz/foothill-law-group-arcadia-2,no_data,Foothill Law Group,6262396135,foothill.legal,91006,no_data,9,6,enabled,no_data,no_data,no_data,100,720,31,no_data,no_data,4.5,not a yelp advertiser
no_data,/biz/the-law-office-of-abraham-apraku-monterey-park,no_data,The Law Office of Abraham Apraku,6269889372,aprakulaw.com,91754,no_data,5,5,active,28,no_data,no_data,100,20,26,no_data,no_data,4.5,yelp advertiser
no_data,/biz/the-law-offices-of-april-moore-manhattan-beach-3,no_data,The Law Offices of April Moore,3107435058,thelegallioness4you.com,90266,no_data,0,0,active,19,no_data,no_data,100,1440,1,no_data,no_data,5,yelp advertiser
no_data,/biz/barcena-law-offices-pasadena-2,no_data,Barcena Law Offices,6268987200,attorneyb.com,91107,no_data,3,10,active,114,no_data,no_data,100,10,9,no_data,no_data,5,yelp advertiser
no_data,/biz/ghazi-law-group-aplc-sherman-oaks,no_data,"Ghazi Law Group, APLC",8188396644,ghazilawgroup.com,91403,no_data,4,7,active,83,no_data,no_data,100,360,8,no_data,no_data,5,yelp advertiser
no_data,/biz/nowzaree-law-torrance,no_data,Nowzaree Law,3105339485,nowzareelaw.com,90501,no_data,17,9,active,54,no_data,no_data,100,20,21,no_data,no_data,5,yelp advertiser
no_data,/biz/baghdaserians-law-group-beverly-hills,no_data,Baghdaserians Law Group,3102994608,baglawgroup.com,90212,no_data,1,14,active,66,no_data,no_data,100,2880,2,no_data,no_data,5,yelp advertiser
no_data,/biz/payne-law-group-santa-monica,no_data,Payne Law Group,3239730975,payne-law.com,90403,no_data,2,8,enabled,no_data,no_data,no_data,100,10,8,no_data,no_data,5,not a yelp advertiser
no_data,/biz/pondeva-and-sohrab-glendale,no_data,Pondeva & Sohrab,8185886285,lawyersassist.com,91203,no_data,17,5,active,46,no_data,no_data,100,660,17,no_data,no_data,5,yelp advertiser
no_data,/biz/sternberg-family-law-encino-encino,no_data,Sternberg Family Law - Encino,8189079924,sternbergfamilylaw.com,91436,no_data,24,10,active,136,no_data,no_data,100,10,49,no_data,no_data,4.5,yelp advertiser
no_data,/biz/h-bui-law-firm-pasadena-4,no_data,H Bui Law Firm,6266837574,hbuilaw.com,91107,no_data,15,31,active,93,no_data,no_data,100,30,14,no_data,no_data,4.5,yelp advertiser
no_data,/biz/hayat-family-law-santa-monica,no_data,Hayat Family Law,3109171044,hayatfamilylaw.com,90401,no_data,4,0,active,45,no_data,no_data,100,20,1,no_data,no_data,5,yelp advertiser
no_data,/biz/mcclane-law-corporation-chatsworth,no_data,McClane Law Corporation,8188856074,mcclane-law.com,91311,no_data,18,0,active,33,no_data,no_data,100,120,22,no_data,no_data,5,not a yelp advertiser
no_data,/biz/southern-california-legal-services-torrance-2,no_data,Southern California Legal Services,6269359481,socal-legal.com,90501,no_data,24,0,active,20,no_data,no_data,100,1440,4,no_data,no_data,5,not a yelp advertiser
no_data,/biz/the-law-and-mediation-office-of-jenna-blackmon-los-angeles,no_data,The Law and Mediation Office of Jenna Blackmon,3107765519,jennablackmonesq.com,90067,no_data,1,5,active,16,no_data,no_data,100,20,2,no_data,no_data,5,not a yelp advertiser
no_data,/biz/d-cotledge-mediation-family-law-un-complicated-pasadena,no_data,D'Cotledge Mediation | Family Law Un-Complicated,8188353523,dcot-m.com,91106,no_data,10,33,enabled,no_data,no_data,no_data,100,10,6,no_data,no_data,5,not a yelp advertiser
no_data,/biz/sw-smyth-los-angeles-8,no_data,SW SMYTH,3239550252,smythlo.com,90010,no_data,4,6,active,14,no_data,no_data,100,120,9,no_data,no_data,5,not a yelp advertiser
no_data,/biz/venice-divorce-advisors-venice,no_data,Venice Divorce Advisors,3104385857,venicedivorce.com,90291,no_data,24,25,active,30,no_data,no_data,100,30,14,no_data,no_data,5,yelp advertiser
no_data,/biz/law-and-mediation-offices-of-kelly-chang-pasadena-3,no_data,Law and Mediation Offices of Kelly Chang,6267655767,purposedrivenlawyers.com,91105,no_data,29,6,active,20,no_data,no_data,90,1440,49,no_data,no_data,4.5,not a yelp advertiser
no_data,/biz/m-c-law-pc-los-angeles,no_data,"M.C. Law, PC",3234993361,mclawattorney.com,90045,no_data,12,12,enabled,no_data,no_data,no_data,100,120,4,no_data,no_data,5,not a yelp advertiser
no_data,/biz/law-and-mediation-office-of-natasha-m-saltz-santa-monica,no_data,Law and Mediation Office of Natasha M Saltz,3102041462,saltzfamilylaw.com,90401,no_data,3,10,active,12,no_data,no_data,100,480,4,no_data,no_data,5,yelp advertiser
no_data,/biz/chiao-and-wu-llp-attorneys-at-law-pasadena,no_data,"CHIAO & WU, LLP - Attorneys at Law",6266980088,chiaowu.com,91106,no_data,10,33,active,62,no_data,no_data,100,20,91,no_data,no_data,5,yelp advertiser
no_data,/biz/marmolejo-law-apc-marina-del-rey,no_data,"Marmolejo Law, APC",4243229882,marmolejolaw.com,90292,no_data,4,11,enabled,no_data,no_data,no_data,100,120,38,no_data,no_data,4.5,yelp advertiser
no_data,/biz/fosgate-family-law-and-mediation-center-burbank,no_data,Fosgate Family Law and Mediation Center,8188277157,familylawattorney-burbank.com,91505,no_data,18,5,active,11,no_data,no_data,100,1440,10,no_data,no_data,5,not a yelp advertiser
no_data,/biz/the-law-help-center-los-angeles-5,no_data,The Law Help Center,2134443155,thelawhelpcenter.com,90012,no_data,32,5,active,18,no_data,no_data,100,20,43,no_data,no_data,4.5,not a yelp advertiser
no_data,/biz/premier-legal-documents-gardena,no_data,Premier Legal Documents,3103652800,premierlegaldocs.com,90248,no_data,17,6,active,28,no_data,no_data,100,420,38,no_data,no_data,5,yelp advertiser
no_data,/biz/law-office-of-ilana-p-schauer-los-angeles,no_data,Law Office of Ilana P Schauer,3236125153,lawofficeofips.com,91436,no_data,5,8,active,19,no_data,no_data,100,2880,9,no_data,no_data,5,yelp advertiser
no_data,/biz/shannon-bailey-law-burbank,no_data,Shannon Bailey Law,8189732713,shannonbaileylaw.com,91505,no_data,0,0,active,28,no_data,no_data,100,2880,7,no_data,no_data,5,yelp advertiser
no_data,/biz/megeredchian-law-glendale,no_data,Megeredchian Law,8185301300,megeredchianlaw.com,91203,no_data,65,26,active,91,no_data,no_data,100,10,130,no_data,no_data,5,yelp advertiser
no_data,/biz/sternberg-family-law-los-angeles-los-angeles-2,no_data,Sternberg Family Law – Los Angeles,3236486771,sternbergfamilylaw.com,90036,no_data,2,9,active,112,no_data,no_data,100,20,14,no_data,no_data,4.5,yelp advertiser
no_data,/biz/law-office-of-emily-e-rubenstein-beverly-hills,no_data,Law Office of Emily E. Rubenstein,3107500827,emilyrubensteinlaw.com,90210,no_data,5,28,active,14,no_data,no_data,100,10,15,no_data,no_data,4.5,yelp advertiser
no_data,/biz/law-and-mediation-office-of-lynette-kim-los-angeles,no_data,Law and Mediation Office of Lynette Kim,2133511000,kimmediationandlaw.com,90010,no_data,7,8,active,66,no_data,no_data,100,20,15,no_data,no_data,5,yelp advertiser
no_data,/biz/law-offices-of-atousa-saei-santa-monica,no_data,Law Offices of Atousa Saei,3108553386,familylawanddivorces.com,90403,no_data,16,19,active,66,no_data,no_data,100,1440,58,no_data,no_data,5,yelp advertiser
