bdp_screenshot,business_details_page,business_email,business_name,business_phone,business_website,business_zipcode,cold_email_video_url,hidden_review_count,photo_count,raq,recent_local_requests,request_leader,request_leader_count,response_rate,response_time,review_count,reviews,reviews_author,star_count,yelp_advertiser
no_data,/biz/law-office-of-a-green-bellaire,no_data,Law Office of A. Green,8328441677,lawofficeagreen.com,77401,no_data,8,0,enabled,no_data,no_data,no_data,100,20,3,no_data,no_data,5,not a yelp advertiser
no_data,/biz/law-office-of-scott-d-reiner-houston,no_data,Law Office of Scott D Reiner,8323808700,thereinerlaw.com,77002,no_data,0,6,active,16,no_data,no_data,100,1440,1,no_data,no_data,5,yelp advertiser
no_data,/biz/kuteyi-and-mokolo-attorneys-at-law-houston,no_data,Kuteyi & Mokolo Attorneys at Law,7137842906,kmlawoffices.com,77036,no_data,0,0,active,15,no_data,no_data,80,50,2,no_data,no_data,5,yelp advertiser
no_data,/biz/w-tyler-moore-houston-2,no_data,W Tyler Moore,7134920998,wtylermoore.com,77056,no_data,2,0,active,16,no_data,no_data,100,60,1,no_data,no_data,5,yelp advertiser
no_data,/biz/law-offices-of-stacey-a-lafitte-houston,no_data,Law Offices of Stacey A. Lafitte,7136232500,lafittelaw.com,77098,no_data,0,0,active,11,no_data,no_data,100,120,0,no_data,no_data,no_data,yelp advertiser
no_data,/biz/law-office-of-chaunte-sterling-houston,no_data,Law Office of Chaunte Sterling,2817842616,yourvoice4justice.com,77073,no_data,0,5,enabled,no_data,no_data,no_data,100,4320,2,no_data,no_data,3,not a yelp advertiser
no_data,/biz/attorney-chuks-njaka-houston,no_data,Attorney Chuks Njaka,2407554106,no_data,77019,no_data,0,0,active,12,no_data,no_data,100,10,0,no_data,no_data,no_data,not a yelp advertiser
no_data,/biz/law-office-of-david-nguyen-houston-4,no_data,Law Office of David Nguyen,2817771236,dntxlegal.com,77036,no_data,0,8,active,17,no_data,no_data,100,10,0,no_data,no_data,no_data,not a yelp advertiser
no_data,/biz/jana-landry-dc-friendswood-2,no_data,"Jana Landry, DC",8329246753,friendswoodfamilylaw.com,77546,no_data,4,10,active,10,no_data,no_data,100,40,1,no_data,no_data,5,yelp advertiser
no_data,/biz/oxner-legha-law-firm-cypress,no_data,Oxner Legha Law Firm,3463279500,OxnerLegha.com,77429,no_data,17,21,enabled,no_data,no_data,no_data,100,10,2,no_data,no_data,5,yelp advertiser
no_data,/biz/law-office-of-david-nguyen-houston-5,no_data,Law Office of David Nguyen,2817771236,dntxlegal.com,77014,no_data,33,24,enabled,no_data,no_data,no_data,100,40,3,no_data,no_data,5,not a yelp advertiser
no_data,/biz/the-bryant-law-firm-houston,no_data,The Bryant Law Firm,7139445200,thebryantlawfirmattorneys.com,77017,no_data,2,0,enabled,no_data,no_data,no_data,100,300,5,no_data,no_data,4.5,not a yelp advertiser
no_data,/biz/mitchel-r-nelson-houston-3,no_data,Mitchel R Nelson,7138690036,no_data,77008,no_data,3,0,active,16,no_data,no_data,100,360,4,no_data,no_data,5,yelp advertiser
