bdp_screenshot,business_details_page,business_email,business_name,business_phone,business_website,business_zipcode,cold_email_video_url,hidden_review_count,photo_count,raq,recent_local_requests,request_leader,request_leader_count,response_rate,response_time,review_count,reviews,reviews_author,star_count,yelp_advertiser,scrape_city,scrape_state
no_data,/biz/meredith-m-baker-albuquerque,no_data,Meredith M Baker,5056971900,meredithbakeresq.com,87102,no_data,9,0,active,13,no_data,no_data,100,480,4,no_data,no_data,5,not a yelp advertiser,Albuquerque,NM
no_data,/biz/and-justice-law-albuquerque,no_data,And Justice Law,5053507674,andjusticelaw.com,87111,no_data,0,0,enabled,no_data,no_data,no_data,100,240,0,no_data,no_data,no_data,not a yelp advertiser,Albuquerque,NM
no_data,/biz/the-law-offices-of-tatiana-d-engelmann-albuquerque,no_data,The Law Offices of Tatiana D Engelmann,5054454223,engelmannlawoffice.com,87109,no_data,0,0,enabled,no_data,no_data,no_data,100,2880,0,no_data,no_data,no_data,yelp advertiser,Albuquerque,NM
no_data,/biz/zimmerman-law-albuquerque-2,no_data,Zimmerman Law,5054498141,shonaatlaw.com,87101,no_data,1,0,active,13,no_data,no_data,80,1440,1,no_data,no_data,5,not a yelp advertiser,Albuquerque,NM
