bdp_screenshot,business_details_page,business_email,business_name,business_phone,business_website,business_zipcode,cold_email_video_url,hidden_review_count,photo_count,raq,recent_local_requests,request_leader,request_leader_count,response_rate,response_time,review_count,reviews,reviews_author,star_count,yelp_advertiser
no_data,/biz/the-tabo-law-firm-sacramento,no_data,The Tabo Law Firm,9165042660,tabolaw.com,95814,no_data,31,0,active,52,no_data,no_data,100,10,27,no_data,no_data,4.5,yelp advertiser
no_data,/biz/law-offices-of-keith-banks-davis-6,no_data,Law Offices of Keith Banks,5307255388,pakpourbanks.com,95616,no_data,8,24,active,34,no_data,no_data,100,50,20,no_data,no_data,4,not a yelp advertiser
no_data,/biz/collins-ritchie-and-ervin-llp-sacramento,no_data,"Collins, Ritchie & Ervin, LLP",9169306649,crellp.com,95814,no_data,12,7,active,94,no_data,no_data,100,20,24,no_data,no_data,4.5,yelp advertiser
no_data,/biz/stutz-law-office-sacramento-2,no_data,Stutz Law Office,9169180468,stutzlawoffice.com,95814,no_data,19,5,active,109,no_data,no_data,100,10,1,no_data,no_data,5,yelp advertiser
no_data,/biz/affordable-legal-assistance-roseville-2,no_data,Affordable Legal Assistance,9167833114,123legalservices.com,95661,no_data,22,5,enabled,no_data,no_data,no_data,100,660,15,no_data,no_data,5,not a yelp advertiser
no_data,/biz/law-offices-of-mark-grotewohl-sacramento,no_data,Law Offices of Mark Grotewohl,9169259180,mpgfamilylaw.com,95865,no_data,38,8,enabled,no_data,no_data,no_data,100,1440,29,no_data,no_data,4,not a yelp advertiser
no_data,/biz/codekas-family-law-sacramento,no_data,Codekas Family Law,9166624527,codekasfamilylaw.com,95815,no_data,1,6,active,23,no_data,no_data,100,420,12,no_data,no_data,5,not a yelp advertiser
