bdp_screenshot,business_details_page,business_email,business_name,business_phone,business_website,business_zipcode,cold_email_video_url,hidden_review_count,photo_count,raq,recent_local_requests,request_leader,request_leader_count,response_rate,response_time,review_count,reviews,reviews_author,star_count,yelp_advertiser
no_data,/biz/the-law-firm-of-kristina-l-combs-san-antonio,no_data,The Law firm of Kristina L Combs,2105421076,combslawfirm.org,78217,no_data,0,0,enabled,no_data,no_data,no_data,100,10,0,no_data,no_data,no_data,not a yelp advertiser
no_data,/biz/wincott-law-firm-san-antonio,no_data,Wincott Law Firm,2104746221,wincottlaw.com,78209,no_data,10,10,enabled,no_data,no_data,no_data,100,240,7,no_data,no_data,4.5,not a yelp advertiser
no_data,/biz/law-office-of-baier-and-hardy-san-antonio,no_data,Law Office of Baier & Hardy,2108177000,baierhardy.com,78209,no_data,0,10,enabled,no_data,no_data,no_data,100,120,0,no_data,no_data,no_data,yelp advertiser
no_data,/biz/soyars-and-morgan-law-san-antonio-5,no_data,Soyars & Morgan Law,2105689400,soyarsmorganlaw.com,78215,no_data,17,15,enabled,no_data,no_data,no_data,100,2880,4,no_data,no_data,4.5,not a yelp advertiser
no_data,/biz/kirker-davis-llp-san-antonio,no_data,Kirker Davis LLP,2107751403,kirkerdavis.com,78209,no_data,0,16,active,17,no_data,no_data,100,10,0,no_data,no_data,no_data,yelp advertiser
