bdp_screenshot,business_details_page,business_email,business_name,business_phone,business_website,business_zipcode,cold_email_video_url,hidden_review_count,photo_count,raq,recent_local_requests,request_leader,request_leader_count,response_rate,response_time,review_count,reviews,reviews_author,star_count,yelp_advertiser
no_data,/biz/wills-law-firm-seattle,no_data,Wills Law Firm,2065233047,adriennekeith.com,98101,no_data,0,0,enabled,no_data,no_data,no_data,100,120,7,no_data,no_data,4.5,not a yelp advertiser
no_data,/biz/kathleen-royer-seattle-3,no_data,Kathleen Royer,2066849460,nwfamilymediation.com,98154,no_data,1,5,enabled,no_data,no_data,no_data,100,300,6,no_data,no_data,4.5,not a yelp advertiser
no_data,/biz/truce-law-seattle-5,no_data,Truce Law,2064094086,trucelaw.com,98109,no_data,10,11,active,12,no_data,no_data,100,50,4,no_data,no_data,5,not a yelp advertiser
no_data,/biz/law-offices-of-magnuson-lowell-redmond,no_data,Law Offices of Magnuson Lowell,4258857500,magnusonlowell.com,98052,no_data,10,11,enabled,no_data,no_data,no_data,100,10,8,no_data,no_data,5,not a yelp advertiser
no_data,/biz/dc-nguyen-law-renton,no_data,DC Nguyen Law,4252765216,dcnguyenlaw.webs.com,98057,no_data,9,0,enabled,no_data,no_data,no_data,100,240,10,no_data,no_data,5,not a yelp advertiser
no_data,/biz/seattle-law-office-pllc-seattle-6,no_data,Seattle Law Office PLLC,2066849323,SeattleLawOffice.net,98154,no_data,4,0,active,25,no_data,no_data,100,30,9,no_data,no_data,4.5,yelp advertiser
no_data,/biz/integrity-law-group-seattle-3,no_data,Integrity Law Group,2068388118,integritylawgroup.net,98121,no_data,25,10,active,14,no_data,no_data,100,20,22,no_data,no_data,4.5,not a yelp advertiser
