bdp_screenshot,business_details_page,business_email,business_name,business_phone,business_website,business_zipcode,cold_email_video_url,hidden_review_count,photo_count,raq,recent_local_requests,request_leader,request_leader_count,response_rate,response_time,review_count,reviews,reviews_author,star_count,yelp_advertiser
no_data,/biz/law-offices-of-mindin-and-mindin-p-c-new-york,no_data,"Law Offices of Mindin & Mindin, P C",8885013292,mindinlaw.com,10006,no_data,100,30,active,52,no_data,no_data,100,20,33,no_data,no_data,5,yelp advertiser
no_data,/biz/law-office-of-rebecca-f-dahlen-forest-hills-2,no_data,Law Office of Rebecca F Dahlen,7187105549,dahlenlaw.com,11375,no_data,2,0,active,26,no_data,no_data,100,480,1,no_data,no_data,5,yelp advertiser
no_data,/biz/lebedin-kofman-new-york-2,no_data,Lebedin Kofman,2125003273,lebedinkofman.com,10004,no_data,108,46,active,13,no_data,no_data,100,40,89,no_data,no_data,4.5,yelp advertiser
no_data,/biz/bhatt-law-group-jersey-city,no_data,Bhatt Law Group,2017988000,bhattlawgroup.com,07306,no_data,115,11,active,20,no_data,no_data,100,40,31,no_data,no_data,4.5,yelp advertiser
no_data,/biz/jennifer-safian-divorce-and-family-mediation-new-york,no_data,"Jennifer Safian, Divorce and Family Mediation",2124728626,safianmediation.com,10028,no_data,1,7,active,11,no_data,no_data,75,120,1,no_data,no_data,5,not a yelp advertiser
no_data,/biz/law-offices-of-chioma-nelson-pc-jersey-city,no_data,"Law Offices of Chioma Nelson, PC",2019638257,chiomanelsonlaw.com,07311,no_data,4,0,active,11,no_data,no_data,100,30,1,no_data,no_data,5,not a yelp advertiser
no_data,/biz/certified-polygraph-associates-west-orange-2,no_data,Certified Polygraph Associates,8337317170,certifiedpolygraphassociates.com,07052,no_data,17,0,enabled,no_data,no_data,no_data,100,240,9,no_data,no_data,5,not a yelp advertiser
no_data,/biz/greenberg-and-merola-brooklyn,no_data,Greenberg & Merola,5168871975,greenbergmerola.com,11242,no_data,0,13,enabled,no_data,no_data,no_data,100,180,0,no_data,no_data,no_data,yelp advertiser
no_data,/biz/the-law-office-of-frank-hosein-jr-brooklyn,no_data,"The Law Office of Frank Hosein, Jr",3477467346,fhjesquire.com,11242,no_data,0,12,enabled,no_data,no_data,no_data,100,10080,0,no_data,no_data,no_data,yelp advertiser
no_data,/biz/the-law-office-of-samilde-perez-floral-park,no_data,The Law Office of Samilde Perez,5162165060,affordablenylawyer.com,11001,no_data,8,0,enabled,no_data,no_data,no_data,100,4320,5,no_data,no_data,5,not a yelp advertiser
no_data,/biz/law-office-of-paul-roitshtein-astoria-4,no_data,Law Office of Paul Roitshtein,6463891512,roitshtein.com,11106,no_data,4,0,enabled,no_data,no_data,no_data,100,360,0,no_data,no_data,no_data,not a yelp advertiser
no_data,/biz/law-office-of-tzvi-y-hagler-valley-stream-3,no_data,Law Office of Tzvi Y Hagler,5165128300,tyhlaw.com,11580,no_data,1,6,active,59,no_data,no_data,85,20,1,no_data,no_data,5,yelp advertiser
no_data,/biz/pardalis-and-nohavicka-astoria,no_data,Pardalis & Nohavicka,7187770400,pnlawyers.com,11106,no_data,36,89,active,16,no_data,no_data,100,20,70,no_data,no_data,5,yelp advertiser
no_data,/biz/amy-carron-day-esq-new-york,no_data,"Amy Carron Day, Esq",2122520005,daylinnehanlaw.com,10016,no_data,2,8,active,58,no_data,no_data,100,360,0,no_data,no_data,no_data,yelp advertiser
no_data,/biz/greenberg-and-merola-lawyers-queens,no_data,Greenberg & Merola Lawyers,5168871975,greenbergmerola.com,11361,no_data,0,14,enabled,no_data,no_data,no_data,100,20,0,no_data,no_data,no_data,yelp advertiser
no_data,/biz/moskowitz-law-group-hackensack-3,no_data,Moskowitz Law Group,2014196223,divorcelawyers1.com,07601,no_data,41,5,enabled,no_data,no_data,no_data,100,540,11,no_data,no_data,4,yelp advertiser
no_data,/biz/peter-g-aziz-and-associates-clifton-4,no_data,The Law Offices of Peter G. Aziz & Associates,2019571003,pgaalaw.com,07013,no_data,26,5,enabled,no_data,no_data,no_data,100,10,24,no_data,no_data,4.5,not a yelp advertiser
no_data,/biz/law-office-of-patricia-m-machado-pc-new-york,no_data,"Law Office of Patricia M Machado, PC",7185096533,machadolaw1.com,10033,no_data,4,12,enabled,no_data,no_data,no_data,100,480,0,no_data,no_data,no_data,not a yelp advertiser
no_data,/biz/javier-and-chandiramani-law-firm-new-york,no_data,Javier & Chandiramani Law Firm,9174098898,jclawfirm.com,10005,no_data,4,6,enabled,no_data,no_data,no_data,100,240,0,no_data,no_data,no_data,yelp advertiser
no_data,/biz/abrams-law-group-queens,no_data,Abrams Law Group,7189979797,abramslawgroup.us,11375,no_data,0,0,enabled,no_data,no_data,no_data,100,10,1,no_data,no_data,5,not a yelp advertiser
no_data,/biz/law-office-of-garrett-p-simulcik-jr-jersey-city-3,no_data,"Law Office of Garrett P. Simulcik, Jr.",2016880529,sixthboroughlaw.com,07306,no_data,13,0,enabled,no_data,no_data,no_data,100,1440,6,no_data,no_data,4.5,not a yelp advertiser
no_data,/biz/j-c-law-group-flushing,no_data,J C LAW GROUP,7183212020,no_data,11354,no_data,4,10,active,96,no_data,no_data,100,240,1,no_data,no_data,5,yelp advertiser
no_data,/biz/law-office-of-nathan-pinkhasov-rego-park-3,no_data,Law Office of Nathan Pinkhasov,8008385900,nathanpinkhasov.com,11374,no_data,40,0,enabled,no_data,no_data,no_data,100,10,16,no_data,no_data,5,not a yelp advertiser
no_data,/biz/david-i-witkon-esq-pc-garden-city-2,no_data,"David I. Witkon, Esq PC",8007745976,witkonlaw.com,11530,no_data,10,8,active,58,no_data,no_data,95,120,10,no_data,no_data,5,yelp advertiser
no_data,/biz/jcklaw-brooklyn-3,no_data,JCKLAW,3473292772,jckimlaw.com,11201,no_data,14,13,active,52,no_data,no_data,100,240,4,no_data,no_data,5,yelp advertiser
no_data,/biz/the-law-office-of-chen-and-associates-pc-flushing-3,no_data,"The Law Office of Chen & Associates, PC",7188861858,chenassociatesatlaw.com,11354,no_data,5,5,active,182,no_data,no_data,95,30,2,no_data,no_data,5,yelp advertiser
no_data,/biz/katzner-law-group-new-york,no_data,Katzner Law Group,6467367539,katznerlawgroup.com,10017,no_data,46,0,active,31,no_data,no_data,100,20,33,no_data,no_data,5,yelp advertiser
no_data,/biz/spodek-law-group-brooklyn-2,no_data,Spodek Law Group,2129698650,criminallawyersbrooklyn.com,11201,no_data,8,13,enabled,no_data,no_data,no_data,100,10,14,no_data,no_data,5,not a yelp advertiser
no_data,/biz/law-offices-of-deborah-g-fiss-esq-jackson-heights-2,no_data,"Law Offices of Deborah G Fiss, Esq.",7188980088,deborahgfiss.com,11372,no_data,33,6,active,18,no_data,no_data,100,120,51,no_data,no_data,4.5,not a yelp advertiser
no_data,/biz/spodek-law-group-new-york-4,no_data,Spodek Law Group,8889819185,spodeklawgroup.com,10004,no_data,155,11,enabled,no_data,no_data,no_data,100,20,58,no_data,no_data,5,not a yelp advertiser
no_data,/biz/geller-law-brooklyn-3,no_data,Geller Law,7187275628,gellerlawnyc.com,11235,no_data,8,5,active,41,no_data,no_data,100,300,17,no_data,no_data,5,yelp advertiser
