bdp_screenshot,business_details_page,business_email,business_name,business_phone,business_website,business_zipcode,cold_email_video_url,hidden_review_count,photo_count,raq,recent_local_requests,request_leader,request_leader_count,response_rate,response_time,review_count,reviews,reviews_author,star_count,yelp_advertiser
no_data,/biz/adam-gurley-law-offices-san-francisco-2,no_data,Adam Gurley Law Offices,4152409953,bayattorney.com,94121,no_data,35,6,active,60,no_data,no_data,100,60,157,no_data,no_data,5,not a yelp advertiser
no_data,/biz/chong-law-san-francisco,no_data,Chong Law,4154387807,chonglawsf.com,94108,no_data,1,0,active,88,no_data,no_data,85,1440,20,no_data,no_data,5,yelp advertiser
no_data,/biz/divorce-with-dignity-san-francisco-san-francisco,no_data,Divorce with Dignity-San Francisco,4159633535,sanfrancisco.dwdignity.com,94111,no_data,8,5,enabled,no_data,no_data,no_data,100,30,19,no_data,no_data,4.5,not a yelp advertiser
no_data,/biz/romanovska-law-san-fransisco-2,no_data,Romanovska Law,4153470584,romanovskalaw.com,94123,no_data,45,18,active,59,no_data,no_data,100,10,15,no_data,no_data,5,yelp advertiser
no_data,/biz/amin-law-san-francisco,no_data,Amin Law,4158549560,anlegalfirm.com,94111,no_data,63,32,active,32,no_data,no_data,100,10,52,no_data,no_data,5,yelp advertiser
